"BIB","CALL","LOC","AUTHOR","TITLE","PUBLISHED","GENRE","STATUS","Notes"
"b35481328","BX1427 .A35 1680z","cpn  ","Cofradía de San Benito de Palerma","Patente de la Cofradia y Hermandad de la Coronacion de Christo S.N. y San Benito de Palerma","[Mexico] : [La Cofradia], [168-]","Broadsides -- Mexico -- 1680-1689. rbgenr","In Aeon",
"b35484287","BX1427 .A35 1767","cpn  ","Cofradia del Santissimo Sacramento y Nuestra Señora del Rosario","Patente de la Cofradia del Santissimo Sacramento y Nuestra Señora del Rosario, fundada en la Iglesia Parrochial de el Pueblo de Tepotzotlan","[Mexico] : [La Cofradia], [1767?]","Broadsides -- Mexico -- 1760-1769. rbgenr","In Aeon",
"b35484718","BX1427 .A35 1770z","cpn  ","Cofradía de San Dimas y Nuestra Señora de la Candelaria","Patente de la Cofradia y Ermandad de el glorioso San Dimas y Nuestra Sra. de la Candelaria, fundada en la Iglesia de Religiosas de Santa Maria de Regina Coeli con autoridad ordinaria","[Mexico] : [La Cofradia], [177-]","Broadsides -- Mexico -- 1770-1779. rbgenr","In Aeon",
"b35484676","BX1427 .A35 1780z","cpn  ","Cofradia de San Dimas y Nuestra Señora de la Candelaria","Patente de hermano de la ilustre Cofradia del glorioso S. Dimas y Nrâ Srà. de la Candelaria, fundada canonicamente en la Iglesia del Sagrado Monasterio de Nrâ Srâ. de la Natividad de Regina Coeli de esta Imperial Ciudad de México","[Mexico] : [La Cofradia], [178-]","Broadsides -- Mexico -- 1780-1789. rbgenr","In Aeon",
"b35581864","BX1430.G7 C38 1845","cpn  ","Catholic Church. Diocese of Guadalajara (Mexico). Bishop (1836-1853 : Aranda)","El Ilmo. Sr. Dr. D. Diego Aranda, dignisimo obispo de esta diocesis, por auto de esta fecha se ha servido proveer los siguientes curatos y sacristias en los eclesiásticos concursantes que á continuacion se espresan, á excepcion de algunas resultas que se proveran despues","[Guadalajara, Mexico] : Imprenta de Rodriguez, [1845]","Broadsides -- Mexico -- 1840-1849. rbgenr","In Aeon",
"b23614614","PM4068.1 .I93 1755","cpn  ",,"Izcatqui in icuepca in Pater noster","Mexico : Reimpressas en la Imprenta nueva de la Bibliotheca Mexicana, 1755","Broadsides -- Mexico -- 1750-1759. rbgenr","In Aeon",
"b66771638","BT660.G8 S66 1800","cpx  ",,"Soneto","[México] : [publisher not identified], [18--?]","Broadsides -- Mexico -- 1810-1819. rbgenr","In Aeon",
"b35485140","BX1427 .A35 1788","cpx  ","Catedral de México","Recibí la limosna de ... para ... missa que se dirà en el Altar de Anima perpetuo del glorioso Apsotol San Bartholomé","[Mexico] : [La Iglesia], [1788?]","Broadsides -- Mexico -- 1780-1789. rbgenr","In Aeon",
"b32169991","F1214 .B52 1885","cpx  ","Blake, Mary E. (Mary Elizabeth), 1840-1907","A Mexican holiday / by Mary E. Blake","[Place of publication not identified] : [publisher not identified], [1885?]","Broadsides -- Mexico -- 1880-1889. rbgenr","In Aeon","Do not digitized.  The broadside was part pasted into a book and has been digitized by Google-- MM 8/8/16"
"b35323954","F1228.5.S7 R35 1825","cpx  ","Mexico. Secretaría de Justicia y Negocios Eclesiásticos","Por la secretaría de relaciones se ha dado cuenta al Ecsmo. Sr. Presidente de una circular impresa en la gaceta de Madrid de 10 de febrero de este año, dada en Roma á 24 de Setiembre del anterior","[México] : Secretaría de Justicia y Negocios Eclesiásticos, [1825]","Broadsides -- Mexico -- 1820-1829. rbgenr","In Aeon",
"b35411545","F1231 .S88 1808","cpx  ",,"Suplemento al Diario de México del viernes 16 de septiembre de 1808","[México] : [Diario de Mexico], [1808]","Broadsides -- Mexico -- 1800-1809. rbgenr","In Aeon",
"b35567028","F1232 .D577 1833","cpx  ","Distrito Federal (Mexico)","José Joaquin de Herrera, general de brigada y gobernador del Distrito Federal : el Exmo. Sr. secretario del Despacho de Relaciones ... el Exmo. Sr. secretario del Despacho de Guerra ... entre los españoles que residen en la República, existen algunos que el año 821 y aun antes, tomaron parte activa por la independencia nacional","[México] : [Distrito Federal], [1833]","Broadsides -- Mexico -- 1830-1839. rbgenr","In Aeon",
"b35575542","F1232 .G84 1838","cpx  ","Guanajuato (Mexico : State). Junta Departamental","Iniciativa de la Junta Departamental de Guanajuato, pidiendo que se faculte al Gobierno para que pueda celebrar convenios con los pronunciados","[Guanajuato, Mexico] : [Departamento de Guanajuato], [1838] [(Guanajuato] : [R. Rocha])","Broadsides -- Mexico -- 1830-1839. rbgenr","In Aeon",
"b35575943","F1232 .G85 1838","cpx  ","Guanajuato (Mexico : State). Junta Constitucional","La Junta Constitucional de Guanajuato a los habitantes del Departamento : Guanajuatenses, los papeles públicos os habrán instruido ya de las ocurrencias desagradables que han tenido lugar entre el gobierno francés y el nuestro","[Guanajuato, Mexico] : [Departamento de Guanajuato], [1838] [(Guanajuato] : [R. Rocha])","Broadsides -- Mexico -- 1830-1839. rbgenr","In Aeon",
"b35382752","F1232 .M48185 1828","cpx  ","Mexico","El Escmo. Sr. presidente de los Estados Unidos Mexicanos ... Se autoriza al Gobierno ... cubra el deficit ... de las estancias que causen los militares enfermos en el hospital de San Andres","[Mexico] : Secretaria de Guerra y Marina, Seccion 5a, [1828]","Broadsides -- Mexico -- 1820-1829. rbgenr","In Aeon",
"b35562560","F1232 .M48186 1831","cpx  ","Mexico","El Escmo. Sr. vice-presidente de los Estados-Unidos Mexicanos ... el Congreso General ha decretado ... 1o. Se concede la pension de tres mil pesos anuales á la viuda é hija de D. Vicente Guerrero","[Mexico] : Secretaria de Guerra y Marina, Seccion 5a, [1831]","Broadsides -- Mexico -- 1830-1839. rbgenr","In Aeon",
"b35571275","F1232 .M481862 1836","cpx  ","Mexico","El general de brigada José Antonio Mozo, gobernador ... del Departamento de Puebla : por la Secretaría del Despacho de Guerra y Marina se me ha comunicado ... Interin se arreglan definitivamente las negociaciones pendientes con ... España ... se suspenden las hostilidades con aquella nacion","[Puebla, Mexico] : Imprenta del Gobierno, 1836]","Broadsides -- Mexico -- 1830-1839. rbgenr","In Aeon",
"b35572620","F1232 .M481891 1837","cpx  ","Mexico","El Exmo. Sr. presidente interino de la República Mexicana se ha servido dirigir á este ministerio el decreto que sigue ... Se amplían por dos meses mas ... el término para beneficiar las letras de cámbio","[México] : Ministerio de Hacienda, [1837]","Broadsides -- Mexico -- 1830-1839. rbgenr","In Aeon",
"b35571652","F1232 .M481892 1837","cpx  ","Mexico","El Exmo. Sr. presidente interino de la República Mexicana se ha servido dirigirme el decreto que sigue ... que á beneficio del comercio ... 1o. Se amplían á ciento sesenta dias los ochenta","[México] : Ministerio de Hacienda, [1837]","Broadsides -- Mexico -- 1830-1839. rbgenr","In Aeon",
"b35574987","F1232 .M481893 1838","cpx  ","Mexico","El Exmo. Sr. presidente de los República Mexicana ... el Congreso General ha decretado ... Art. 1o. Se concede amnistía general á todos los desertores del ejército mexicano","[Mexico] : Ministerio de Guerra y Marina, [1838]","Broadsides -- Mexico -- 1830-1839. rbgenr","In Aeon",
"b35571196","F1232 .M48198 1836","cpx  ","Mexico","Santiago Villegas, presidente de la Junta Departamental, en ejercicio del poder ejecutivo en el Departamento de Zacatecas ... : Secretaría de Justicia y Negocios Eclesiásticos ... presidente interino de la República Mejicana ... Art. 1o. Entre tanto que se arregla definitivamente la Hacienda Pública, las faltas del promotor fiscal de los tribunales de circuito","[Zacatecas, Mexico] : [Gobierno de Zacatecas], [1836]","Broadsides -- Mexico -- 1830-1839. rbgenr","In Aeon",
"b35571378","F1232 .M481981 1837","cpx  ","Mexico","Santiago Villegas, gobernador del Departamento de Zacatecas ... : Secretaría de Hacienda, Seccion Primera ... El presidente interino de la República Mejicana ... Se amplia por cuatro meses mas el término para beneficiar las letras de cambio","[Zacatecas, Mexico] : [Gobierno de Zacatecas], [1837]","Broadsides -- Mexico -- 1830-1839. rbgenr","In Aeon",
"b35517323","F1232 .M4926 1822","cpx  ","Mexico. Secretaría de Estado y del Despacho de Guerra y Marina","El Exmô Sr. Secretario de Estado y del Despacho de Guerra y Marina, D. Manuel de la Sota Riva, se ha servido comunicarme ... Atendiendo S.M.I. á los méritos y recomendables circunstancias de V.E., se ha dignado nombrarlo Capitan General y Gefe Superior Político de la Provincia de Nueva Galicia ... Asimismo ha tenido á bien nombrar Capitan General de esta provincia y Gefe Superior Político de ella al mariscal de campo D. José Antonio Andrade","[Mexico] : [Gobierno Político Superior [de la Provincia de México], 1822]","Broadsides -- Mexico -- 1820-1829. rbgenr","In Aeon",
"b35573314","F1232 .M52 1838","cpx  ","Mexico (Mexico : State). Governor","El gobernador constitucional del Departamento de Mexico a sus habitantes : ... se han presentado en las aguas del puerto de Veracruz fuerzas navales de Francia","[Mexico] : [Gobierno del Departamento de México], [1838]","Broadsides -- Mexico -- 1830-1839. rbgenr","In Aeon",
"b35581736","F1232 .N84 1841","cpx  ","Nuevo León (Mexico : State). Junta Departamental","La Escma. Junta de este Departamento ... me comunicó por conducto de su presidente ... La Escma. Junta Departamental ... se sirvió aprobar las siguientes instrucciones que deben llevar los Sres. consejeros que por este D[e]partamento han de concurrir á Méjico","[Monterrey, Mexico] : Gobierno del Departamento de Nuevo Leon, [1841]","Broadsides -- Mexico -- 1840-1849. rbgenr","In Aeon",
"b35586436","F1233 .M574 1853","cpx  ","Mexico","El Exmo. Sr. presidente interino de la República ... Juan Bautista Cevallos ... Art. 1o. Se faculta al gobierno para que dicte todas las medidas que crea conducentes á fin de restablecer la paz pública y conservar la integridad del territorio nacional","[Mexico] : Ministerio de Relaciones Interiores y Esteriores, [1853]","Broadsides -- Mexico -- 1850-1859. rbgenr","In Aeon",
"b35608080","F1233.5 .H66 1882","cpx  ",,"Honorable Cámara de Diputados : los infrascritos, usando del derecho de peticion reconocido en el artículo 8o de la ley fundamental de la República, respetuosamente exponemos que en nuestro concepto no es opuesta la libertad de cultos á la accion de gracios ... en un dia que señale el poder público","[Mexico] : [La Cámara?], [1882]","Broadsides -- Mexico -- 1880-1889. rbgenr","In Aeon",
"b48687273","F1246 .A36 1855 VLT","cpx  ",,"Acta / levantada por la Guarnición de la Baja California","Puerto de La Paz : Impr. del Gobierno á cargo de Miguel Fernández Castro, 1855","Broadsides -- Mexico -- 1850-1859. rbgenr","In Aeon",
"b29429821","F1246.2 .C64 1852","cpx  ","Colonia Militar de la Frontera de la Baja California (Mexico). Comandante","Proclama","Santo Tomas [Baja California, México] : [publisher not identified], [1852]","Broadsides -- Mexico -- 1850-1859. rbgenr","In Aeon",
"b35581827","F1266 .C635 1842","cpx  ","Coahuila (Mexico : State)","Nombrado por el Exmo. Sr. presidente provisional de la República gobernador de éste Departamento, el Exmo. Sr. D. Isidro Reyes ... ha tomado hoy posecion de su empleo, habiendo otorgado antes el juramento correspondiente","[Saltillo, Mexico] : Gobierno Departamental de Coahuila, [1842]","Broadsides -- Mexico -- 1840-1849. rbgenr","In Aeon",
"b35355062","F1276 .D864 1826","cpx  ","Durango (Mexico : State)","El Ecsmo. Sr. Presidente de los Estados Unidos Mexicanos se ha servido dirigirme el decreto que sigue ... el Congreso general ha decretado ... Se reunirá cada Cámara del Congreso constitucional de Durango con los individuos que hayan reunido la mayoría absoluta y relativa de votos","[Mexico] : Primera Secretaria de Estado, Seccion 1 de Gobierno, [1826]","Broadsides -- Mexico -- 1820-1829. rbgenr","In Aeon",
"b35354963","F1276 .D865 1827","cpx  ","Durango (Mexico : State)","El Ecsmo. Sr. Presidente de los Estados Unidos Mexicanos se ha servido dirigirme el decreto que sigue ... el Congreso general ha decretado ... La ley de 16 de marzo del presente año dada por la legislatura del Estado de Durango para su renovacion en el prócsimo mes de agosto, es nula ... mientras no se ratifique por la legislatura","[Mexico] : Primera Secretaria de Estado, Seccion 1a, [1827]","Broadsides -- Mexico -- 1820-1829. rbgenr","In Aeon",
"b35354811","F1276 .D866 1828","cpx  ","Durango (Mexico : State)","El Escmo. Sr. Presidente de los Estados-Unidos Mexicanos se ha servido dirigirme el decreto que sigue ... el Congreso general ha decretado lo siguiente.  El Gobernador del Estado de Durango hará que la Legislatura se instale","[Mexico] : Primera Secretaria de Estado, Departamento del Interior, Seccion 1a, [1828]","Broadsides -- Mexico -- 1820-1829. rbgenr","In Aeon",
"b35509247","F1296 .J2 1824","cpx  ","Jalisco (Mexico). Governor","Deseosas las Autoridades Supremas de este estado de manifestar á todos los que forman la gran Confederacion Mexicana, sus sentimientos de armonía ... anuncia á V. ... que el 18 del presente se ha sancionado ... la Constitucion política ... tengo la complacencia de acompañar à V. ... ejemplares de dicho pacto","[Guadalajara, Mexico] : Gobernacion del Estado Libre de Jalisco, [1824]","Broadsides -- Mexico -- 1820-1829. rbgenr","In Aeon",
"b35562730","F1301 .M64 1831","cpx  ","Mexico (Mexico : State). Governor","Nombrado gobernador constitucional, he prestado hoy el juramento","[Mexico] : Gobierno del Estado Libre de Mexico, [1831]","Broadsides -- Mexico -- 1830-1839. rbgenr","In Aeon",
"b35572930","F1301 .M65 1838","cpx  ","Mexico (Mexico : State). Governor","Nombrado por el Exmo. Sr. presidente gobernador constitucional de este departamento ... y habiendo prestado el juramento","[Mexico] : Gobierno del Departamento de México, [1837]","Broadsides -- Mexico -- 1830-1839. rbgenr","In Aeon",
"b33814508","F1321 .B87","cpx  ","Burro, M","Pronunciamiento","[Oaxaca, México] : [publisher not identified], [1874]","Broadsides -- Mexico -- 1870-1879. rbgenr","In Aeon",
"b23614791","F1346 .S66 1849","cpx  ","Sonora (Mexico : State). Governor","El gobernador del Estado de Sonora, á todos sus habitantes, sabed: que el congreso del mismo estado ha decretado lo que sigue.  Nùm. 101. El congreso constitucional del Estado de Sonora decreta lo siguiente: Articulo 1o. Continuarà la intervencion por el Estado en el Puerto de Guaymas","[Ures, Sonora, Mexico] : Gobierno Supremo del Estado de Sonora, [1849]","Broadsides -- Mexico -- 1840-1849. rbgenr","In Aeon",
"b35573740","F1391.M39 J35 1837","cpx  ","Jalisco (Mexico). Governor","El Gobierno de este Departamento se ha impuesto con mayor asombro por el Diario num. 837 ... de habersele dado cuenta con un oficio del Ministerio de Hacienda en que inserta otro del Gobierno de Jalisco oponiendose á ... que permanezca cerrado al comercio extrangero el Puerto de Mazatlán","[Guadalajara] : [Gobierno del Departamento de Jalisco], [1837]","Broadsides -- Mexico -- 1830-1839. rbgenr","In Aeon",
"b35567004","F1391.M5 N65 1834","cpx  ",,"Nómina alfabética de los jurados de Mérida, Capital del Estado Libre de Yucatán","[Mérida de Yucatán, México] : [Pedro Mena], [1834]","Broadsides -- Mexico -- 1830-1839. rbgenr","In Aeon",
"b34096279","F864 .E77 1828","cpx  ",,"Estado que manifiesta la fuerza que deben tener las seis compañias que se consideran necesarias para la guarnicion de los territorios de la Alta y Baja California : con espresion de los haberes y gratificaciones que deberán disfrutar","[Mexico] : [publisher not identified], [1828]","Broadsides -- Mexico -- 1828. rbgenr","In Aeon",
"b92452498","HD9014.M62 M49 1826","cpx  ","Mexico. Secretaría de Hacienda, enacting jurisdiction","El Ecsmo. Sr. Presidente que solo aspira á abrir las fuentes de la riqueza pública para que la Nacion mexicana llegue al colmo de prosperidad de que es susceptible","México : Secretaría de Hacienda, 1826","Broadsides -- Mexico -- 1820-1829. rbgenr","In Aeon",
"b92452383","HD9199.M62 M49 1823","cpx  ","Mexico. Secretaría de Hacienda, enacting jurisdiction","Los nuevos plantíos de café, cacao, viñas y olivos, y la seda, cosechada en el país, quedan libres por diez años de alcabala, diezmo, primicia, y cualquier otro derecho sea cual fuere su denominacion","México : Ministerio de Hacienda, 1823","Broadsides -- Mexico -- 1820-1829. rbgenr","In Aeon",
"b26409124","KGF3075 .A28 1835","cpx  ","Mexico","Diputados de la Alta y Baja California tendrán voz y voto en el actual Congreso;""El Exmo. Sr. Presidente interino de la República Mexicana,  se ha servido dirigirme el decreto que sigue ... : Los diputados de la Alta y Baja California tendrán voz y voto en el actual,  en la formacion de leyes y decretos ... mando se imprima ... en México á 26 de Octubre de 1835 . Miguel Barragán""Congreso","[México], [1835]","Broadsides -- Mexico -- 1830-1839. rbgenr","In Aeon",
"b35847499","KGF9787.3 .P84 1873 B/W","cpx  ","Puebla (Mexico : State)","Constitución política (1875);""Ignacio Romero Vargas  gobernador constitucional del Estado Libre y Soberano de Puebla  a sus habitantes","[Puebla, Mexico] : Tip. Hospicio, [1875?]","Broadsides -- Mexico -- 1870-1879. rbgenr","In Aeon",
"b35382636","F1226 .P84 1867","cpxf ","Puebla (Mexico : State)","Importante. El C. Gobernador, teniendo en cuenta los sacrificios hechos por todos los CC. ... ha tenido á bien ... dispensar la multa del 5 por ciento","[Zaragoza, Puebla, Mexico] : Gobierno del Estado Libre y S. de Puebla, [1867]","Broadsides -- Mexico -- 1860-1869. rbgenr","In Aeon",
"b57981590","F1231 .D28 1804","cpxf ","Spain. Sovereign (1788-1808 : Charles IV)","Real orden (1803 Oct. 22);""D. Joseph de Yturrigaray  caballero profeso de la Orden de Santiago  teniente general de los reales exércitos  virrey  gobernador y capitan general de N. E. ... : Con fecha de 22 de octubre del año próximo anterior me ha comunicado ... la real orden del tenor siguiente""","[Mexico] : [publisher not identified], [1804]","Broadsides -- Mexico -- 1800-1809. rbgenr","In Aeon",
"b35485486","F1231 .N46 1797","cpxf ","New Spain","Dirijo á V. ... exemplares del bando que mandé publicar en México con fecha de 13 de julio último ... reemplazos de gente para los regimientos de milicias provincales y el destino á bageles de vagos, ociosos y mal entretenidos","[Mexico] : [El Gobierno], [1797]","Broadsides -- Mexico -- 1790-1799. rbgenr","In Aeon",
"b35474166","F1231 .N483 1779","cpxf ","New Spain","Don Joseph de Galvez, Cavallero de la Orden de Carlos Tercero, del Consejo de Estado de S.M., su Secretario de Estado y del Despacho Universal de Indias, Governador de su Consejo, y Super-Intendente General de Azogues : Por quanto ... ha cumplido en el Servicio ... tiempos de à ... años honradamente sin desercion","[Mexico] : [El Gobierno], [1779]","Broadsides -- Mexico -- 1770-1779. rbgenr","Digitized",
"b3549444x","F1231 .N492 1810","cpxf ","New Spain. Real Audiencia (Mexico City)","La Real Audiencia de Mexico, Gobernadora del Reino de Nueva España : Continuando los zelosos ministros del Rey Nuestro Señor sus fieles desvelos con el objeto de cortar en su raiz los perniciosos efectos de la seduccion de nuestros enemigos, han remitido á este Superior Gobierno una proclama de Joseph Napoleon, que se dice Rey de España","[Mexico] : [El Gobierno], [1810]","Broadsides -- Mexico -- 1810-1819. rbgenr","In Aeon",
"b3547449x","F1231 .R42 1794","cpxf ",,"Real Loteria de Mexico : aviso al público","[Mexico] : [El Gobierno], [1794]","Broadsides -- Mexico -- 1790-1799. rbgenr","In Aeon",
"b35514048","F1232 .B468 1829","cpxf ","Bentura Rocha, J","Alocucion al pueblo de Jalisco sobre la falcedad de la prision de Barradas","Guadalajara : Impremta [sic] del Gobierno, 1829","Broadsides -- Mexico -- 1820-1829. rbgenr","In Aeon",
"b35561440","F1232 .D577 1830","cpxf ","Distrito Federal (Mexico)","Miguel Cervantes, general de brigada y gobernador del Distrito Federal, acreditando la esperiencia que, á pesar de las providencias que se han dictado para recoger las armas y otras prendas de municion, muchas personas las compran y conservan indebidamente","[México] : [Distrito Federal], [1830]","Broadsides -- Mexico -- 1830-1839. rbgenr","In Aeon",
"b33844483","F1232 .G83 1828","cpxf ","Guanajuato (Mexico : State). Diputación Permanente","La Diputación Permanente del Congreso del Estado de Guanajuato unida a los Diputados residentes en esta Capital, a los Guanajuatenses","Guanajuato [Mexico] : Impr. del Supremo Gobierno á cargo del C. José María Carranco, 1828","Broadsides -- Mexico -- 1820-1829. rbgenr","In Aeon",
"b35514954","F1232 .M397 1829","cpxf ","Mayor del Valle, Pedro","El Coronel del Primer Batallon de Milicia Local de Mexico a los individuos que lo componen : Soldados compatriotas, cuando veo el empeño con que los hijos de Pelayo procuran invadirnos","[Mexico] : Oficina del C. Rafael Nuñez, [1829]","Broadsides -- Mexico -- 1820-1829. rbgenr","In Aeon",
"b35517529","F1232 .M481 1829","cpxf ","Mexico","Antonio Lopez de Santa-Anna, General de Division de los Egércitos ... Gobernador Constitucional del Estado de Veracruz ... : Por la Secretaría de Estado y del Despacho de Relaciones se me ha comunicado ... El Presidente ... se ha servido ... Que para resolver varias dudas sobre la inteligencia del decreto ... á contener varios abusos del a libertad de la imprenta","[Veracruz, Mexico] : [Estado de Veracruz], [1829]","Broadsides -- Mexico -- 1820-1829. rbgenr","In Aeon",
"b35370725","F1232 .M4811 1848","cpxf ","Mexico","Casiano Gonzalez Veina, Teniente Gobernador Constitucional del Estado Libre de Zacatecas ... Que por el Ministerio de Relaciones Interiores y Exteriores se me ha comunicado ... el Congreso General ha decretado ... Art. 1o. Entre tanto se reorganiza el ejército, si el gobierno necesitase auxiliar al que existe ... hasta cuatro mil hombres de la Guardia Nacional","[Zacatecas, Mexico] : [Estado Libre de Zacatecas], [1848]","Broadsides -- Mexico -- 1840-1849. rbgenr","In Aeon",
"b35498833","F1232 .M4812 1822","cpxf ","Mexico","Credencial de diputado a córtes","[Mexico] : [El Gobierno], [1822]","Broadsides -- Mexico -- 1820-1829. rbgenr","In Aeon",
"b35498808","F1232 .M4813 1821","cpxf ","Mexico","Credencial de elector de partido : Credencial de elector de provincia","[Mexico] : [El Gobierno], [1821]","Broadsides -- Mexico -- 1820-1829. rbgenr","In Aeon",
"b35563370","F1232 .M48182 1831","cpxf ","Mexico","El Escmo. Sr. vice-presidente de los Estados-Unidos Mexicanos se ha servido dirigirme ... el Congreso General ha decretado ... Art. lo. Cualquiera de las salas de la Suprema Corte de Justicia ... ante quien se interponga recurso para que pida los autos á la otra sala","[Mexico] : Ministerio de Justicia y Negocios Eclesiasticos, [1831]","Broadsides -- Mexico -- 1830-1839. rbgenr","In Aeon",
"b35568549","F1232 .M48187 1835","cpxf ","Mexico","Jose Maria Romero, gefe politico del partido y presidente del ilustre Ayuntamiento de esta Capital ... el Sr. comandante general ... Joaquin Ramirez y Sesma me ha dirijido ... Primera Secretaría de Estado, Departamento del Interior ... presidente interino de los Estados-Unidos Mejicanos se ha servido dirigirme ... el Congreso General ha decretado ... Art. 1o. La milicia local en los estados ... se reducirá","[Zacatecas] : [Ayuntamiento de Zacatecas], [1835]","Broadsides -- Mexico -- 1830-1839. rbgenr","In Aeon",
"b35568409","F1232 .M48189 1837","cpxf ","Mexico","El Exmo. Sr. presidente interino de la República Mexicana se ha servido ... el Congreso General ha decretado ... la comision de diez y nueve representantes ... hará esta vez la calificacion de las elecciones de diputados","[Mexico] : Ministerio de lo Interior, [1837]","Broadsides -- Mexico -- 1830-1839. rbgenr","In Aeon",
"b35513172","F1232 .M4819 1828","cpxf ","Mexico","Jose Maria Tornel y Mendivil, Diputado al Congreso de la Union por el Distrito Federal, su Gobernador &c. : Por la Secretaria de Guerra y Marina se me ha comunicado ... El Presidente de los Estados Unidos Mexicanos ... el Congreso General ha decretado ... Se permite ... la salida de las tropas nacionales fuera de los limites de la República para llevar la guerra á la Isla de Cuba ú otros puntos dependientes del Gobierno Español","[Mexico] : [Gobierno del Distrito Federal], [1828]","Broadsides -- Mexico -- 1820-1829. rbgenr","In Aeon",
"b35515971","F1232 .M48192 1829","cpxf ","Mexico","Jose Maria Totnel [i.e. Tornel] Mendivil, Coronel, Diputado, Gobernador del Distrito Federal : Por la Secretaría de Relaciones se me ha comunicado ... El Presidente de los Estados-Unidos Mexicanos ... el Congreso General ha decretado ... Se abona el tiempo doble á los cuerpos del Ejército de la República","[Mexico] : [Gobierno del Distrito Federal], [1829]","Broadsides -- Mexico -- 1820-1829. rbgenr","In Aeon",
"b35459116","F1232 .M48197 1849","cpxf ","Mexico","Manuel Gonzalez Cosio, Gobernador Constitucional del Estado Libre de Zacatecas ... Ministerio de Relaciones Interiores y Exteriores ... José Joaquin de Herrera, Presidente Constitucional de los Estados-Unidos Mexicanos ... el Congreso General ha decretado ... Se esceptúan de la obligacion de tener cartas de seguridad á los estrangeros que sirvan en la Guardia Nacional","[Zacatecas, Mexico] : [El Estado], [1849]","Broadsides -- Mexico -- 1850-1859. rbgenr","In Aeon",
"b35572784","F1232 .M481982 1838","cpxf ","Mexico","Santiago Villegas, gobernador del Departamento de Zacatecas ... : Ministerio de Hacienda, Seccion 1a. ... El presidente de la República Mejicana ... Durante el bloqueo y seis meses despues, los que importaren azogue en buques neutros ó nacionales recibirán un premio de cinco pesos por cada quintal","[Zacatecas, Mexico] : [Gobierno de Zacatecas], [1838]","Broadsides -- Mexico -- 1830-1839. rbgenr","In Aeon",
"b3551100x","F1232 .M4922 1822","cpxf ","Mexico. Congreso Constituyente (1821-1823)","Tarifa de descuentos arreglada al Artículo 3o. del Decreto núm. 11 del Soberano Congreso Constituyente Mexicano","[Mexico] : [El Congreso], [1822]","Broadsides -- Mexico -- 1820-1829. rbgenr","In Aeon",
"b35517311","F1232 .M4924 1829","cpxf ","Mexico. Ejército","Acta celebrada por esta guarnicion a consecuencia del estado político en que se halla actualmente la República","[Veracruz, Mexico] : Imprenta Liberal á cargo de Antonio Maria Valdes, 1829]","Broadsides -- Mexico -- 1820-1829. rbgenr","In Aeon",
"b35519952","F1232 .M54 1830","cpxf ","Michoacán de Ocampo (Mexico). Governor","El Gobernador del Estado de Michoacan a todos sus habitantes, sabed : que habiendo comunicado con fecha siete del actual à la Ecsma. Diputacion Permanente que el dia cinco habia verificado mi salida de la capital ... convencida la Diputacion que no tiene la libertad suficiente para cumplir con los deberes que le impone la Constitucion ... no se volverá a reunir en sesiones","[Zamora, Mexico] : [Estado de Michoacán], [1830]","Broadsides -- Mexico -- 1830-1839. rbgenr","In Aeon",
"b35476709","F1232 .N487 1820","cpxf ","New Spain","Don Juan Ruiz de Apodaca y Eliza ... Conde de Venadito ... Virey ... Concedo libre y seguro pasaporte á","[Mexico] : [El Gobierno], [1820]","Broadsides -- Mexico -- 1820-1829. rbgenr","In Aeon",
"b35513366","F1232 .S21 1828","cpxf ","Saldaña, José Antonio de","El Comandante Principal del Territorio de Tlaxcala a sus compañeros de armas","Puebla [Mexico] : Oficina del C. Pedro de la Rosa, 1828","Broadsides -- Mexico -- 1820-1829. rbgenr","In Aeon",
"b35519332","F1232 .S223 1829","cpxf ","San Luis Potosí (Mexico : State). Governor","El Gobernador del Estado á sus habitantes : Conciudadanos, apenas habiamos logrado terminar los males que ama[r]gaban á nuestra cara Patria por la injusta invasion española ... cuando de nuevo modo el genio del mal aparece ... en el desgraciado Estado de Yucatan","[San Luis Potosí, Mexico] : [Estado de San Luis Potosí], [1829]","Broadsides -- Mexico -- 1820-1829. rbgenr","In Aeon",
"b33022161","F1232.5 .A5 1849","cpxf ",,"Al pelaire Zorrilla, un jarocho veracruzano","Guadalajara : Impr. del Gobierno, 1849","Broadsides -- Mexico -- 1840-1849. rbgenr","In Aeon",
"b23614560","F1232.5 .S66 1857","cpxf ","Sonora (Mexico : State). Governor","Ignacio Pesqueira, Gobernador sustituto del Estado de Sonora, a las tropas presidiales : Soldados de la frontera, vosotros sois el valuarte avanzado de la nacionalidad mejicana","Ures [Mexico] : Imprenta del gobierno á cargo de J.P. Siqueiros, 1857","Broadsides -- Mexico -- 1850-1859. rbgenr","In Aeon",
"b23614699","F1232.5 .T35 1853","cpxf ","Tamaulipas (Mexico : State). Governor","El Exmo. Sr. Ministro de lo interior con fecha 29 de Abril último se sirve comunicarme lo siguiente : Exmo. Sr. -- Siendo el primer deber del Gobierno celar por la conservacion de la independencia y sabiendo que en públicas conversaciones se vierten especies que tienen por objeto procurar la anexacion de la República á los Estados Unidos, ... cuide ... de que no se difundan tales ideas","[Tamaulipas, Mexico] : Gobierno del Estado de Tamaulipas, [1853]","Broadsides -- Mexico -- 1850-1859. rbgenr","In Aeon",
"b35353053","F1233 .M56 1852","cpxf ","Mexico","Los Escmos. Sres. secretarios del Consejo de Gobierno se han servido dirigirme el acuerdo siguente ... El Consejo presta su consentimiento para que el gobierno pueda disponer hasta de cuatro mil hombres de la guardia nacional que ecsista en los estados limítrofes, a los en que se ha alterado el órden público ... No podrá disponer de la de los estados que actualmente se hallan invadidos por las tribus bárbaras","[Mexico] : Ministerio de Guerra y Marina, Seccion de Operaciones, [1852]","Broadsides -- Mexico -- 1850-1859. rbgenr","In Aeon",
"b35352942","F1233 .M57 1851","cpxf ","Mexico","El Escmo. Sr. Presidente se ha servido dirigirme el decreto que sigue ... Congreso General ha decretado ... Se autoriza al Gobierno para disponer hasta de dos mil quinientos hombres de Guardia nacional de los Estados de Guanajuata ... [et al.] ... pacificacion de Tamaulipas ... contra las agresiones de los bárbaros","[Mexico] : Ministerio de Guerra y Marina, Seccion de Operaciones, [1851]","Broadsides -- Mexico -- 1850-1859. rbgenr","In Aeon",
"b35584294","F1233 .M573 1853","cpxf ","Mexico","El Exmo. Sr. ministro de gobernacion ... dijo á este gobierno ... Secretaría de Estado y del Despacho de Gobernacion ... deseando el Exmo. Sr. presidente que se completen los cuerpos del ejército ... dispone que se haga un nuevo sorteo","[Zacatecas, Mexico] : Gobierno del Departamento de Zacatecas, [1853]","Broadsides -- Mexico -- 1850-1859. rbgenr","In Aeon",
"b35583769","F1233 .M575 1852","cpxf ","Mexico","El Exmo. Sr. presidente se ha servido dirigirme el decreto que sigue ... Mariano Arista, general de division y presidente constitucional de los Estados-Unidos Mexicanos ... Art. 1o. Queda cerrada desde hoy la aduana marítima de Veracruz para el comercio estranjero de escala y cabotaje","[Mexico] : Secretaria de Estado y del Despacho de Hacienda, [1852]","Broadsides -- Mexico -- 1850-1859. rbgenr","In Aeon",
"b35584099","F1233 .M585 1853","cpxf ","Mexico","Francisco G. Pavon, general de brigada ... gobernador ... del Departamento de Zacatecas ... por la Secretaría de Estado y del Despacho de Gobernacion ... Antonio López de Santa-Anna ... presidente de la República Mexicana ... Art. 1o. Todo individuo que maneje fondos ... está obligado á presentar las cuentas correspondientes dentro de los tèrminos que se le señalen","[Zacatecas, Mexico] : [Departamento de Zacatecas], [1853]","Broadsides -- Mexico -- 1850-1859. rbgenr","In Aeon",
"b23614596","F1233 .M59 1862","cpxf ","Mexico","Que en uso de las facultades de que me hallo investido, he tenido á bien decretar lo siguiente : Art. 1o. Desde el dia en que las tropas francesas rompan las hostilidades, quedan declaradas en estado de sitio todas las poblaciones que aquellos ocuparen, y los mexicanos que quedaren en ellas durante la ocupacion serán castigados como traidores y sus bienes confiscados","[Mexico City] : Ministerio de Relaciones Esteriores y Gobernacion, [1862]","Broadsides -- Mexico -- 1860-1869. rbgenr","In Aeon",
"b35604530","F1233 .M593 1862","cpxf ",,"Severo Cosio, gobernador constitucional interino del Estado Libre de Zacatecas ... Secretaría de Estado y del Despacho de Hacienda y Crédito Público ... Benito Juarez, presidente constitucional ... Art. 1o. Todos los lotes de conventos de religiosos y religiosas que reedifiquen sus dueños ... quedan exentos del pago ... por el término de cinco años","[Zacatecas] : [Gobierno del Estado de Zacatecas], [1862]","Broadsides -- Mexico -- 1860-1869. rbgenr","In Aeon",
"b35583149","F1233 .M62 1850","cpxf ","Mexico. Ministerio de Justicia y Negocios Eclesiásticos","El gobernador del Estado a sus habitantes sabed ... por el Ministerio de Justicia y Negocios Eclesiásticos se me ha comunicado ... ayer ha fallecido el Exmo. Sr. D. Manuel de la Peña y Peña, presidente actual de la Suprema Córte de Justicia","[San Luis Potosí] : [Estado de San Luis Potosí], [1850]","Broadsides -- Mexico -- 1850-1859. rbgenr","In Aeon",
"b35608596","F1233.5 .M44 1884","cpxf ","Mexico","El presidente de la República se ha servido dirigirme ... Manuel Gonzalez, presidente constitucional ... el Congreso de la Union ... Se dispensa del pago del diez por ciento impuesto sobre loterías á la establecida en Veracruz por la Empresa del Ferrocareril de Veracruz á Alvarado y Anton Lizardo","[Mexico] : Secretaría de Estado y del Despacho de Hacienda y Crédito Público, [1884]","Broadsides -- Mexico -- 1880-1889. rbgenr","In Aeon",
"b23614766","F1233.5 .V35 1870","cpxf ","Vega, Plácido, 1830-1878","El General Placido Vega, a los habitantes del Estado de Sinaloa : Conciudadanos, desde que D. Benito Juarez, con sus decretos de Paso del Norte, atentó contra la soberanía nacional, perpetuandose en poder por medio de la fuerza armada, varias veces me habeis llamado","[Villa de la Concepcion, Mexico] : [P. Vega?], [1870]","Broadsides -- Mexico -- 1870-1879. rbgenr","In Aeon",
"b33021004","F1233.5.M66 C47 1883","cpxf ","Monterrey (Mexico)","Ceremonial acordado por la Comisión Respectiva de la Junta Patriotica para solemnizar en esta ciudad el vigesimo primer aniversario del brillante triunfo obtenido por las armas nacionales contra el invasor francés el 5 de mayo de 1862","Monterey [Mexico] : [El Gobierno?], [1883]","Broadsides -- Mexico -- 1880-1889. rbgenr","In Aeon",
"b33022549","F1233.5.O38 D57 1874","cpxf ","Oaxaca (Mexico). Diputación permanente","Diputación permanente / Secretaría del congreso del Estato de Oaxaca","Oaxaca : Impr. del Estado, 1874","Broadsides -- Mexico -- 1870-1879. rbgenr","In Aeon",
"b35608808","F1266 .C623 1887","cpxf ","Coahuila (Mexico : State)","Debiendo el C. Gobernador ejecutar y hacer cumplir las leyes, y siendo una necesidad imperiosa la observancia exacta de la [ley] ... sobre vagancia y mendicidad","[Saltillo, Mexico] : Gobierno del Estado de Coahuila de Zaragoza, [1887]","Broadsides -- Mexico -- 1880-1889. rbgenr","In Aeon",
"b35582133","F1271 .C646 1849","cpxf ","Colima (Mexico : Territory)","El Exmo. Sr. Presidente se ha servido dirigirme el decreto que sigue ... el Congreso General ha decretado ... Artículo 1o. Ademas de las facultades que la ley ha concedido á las diputaciones territoriales de Colima y Tlaxcala, tendrán la de espedir estatutos para el arreglo del gobierno interior del territorio","[Mexico City] : Ministerio de Relaciones Interiores y Esteriores, [1849]","Broadsides -- Mexico -- 1840-1849. rbgenr","In Aeon",
"b35587222","F1301 .M639 1845","cpxf ","Mexico (Mexico : State)","El C. Mucio Barquera, gobernador interino del Departamento de México ... La Asamblea del Departamento de México ... Artículo único.  Entretanto el Soberano Congreso declara ... el nombramiento de los gefes de [las oficinas] se hará provisionalmente por el gobierno de acuerdo con la Asamblea","[Mexico City] : [Departamento de Mexico], [1845]","Broadsides -- Mexico -- 1840-1849. rbgenr","In Aeon",
"b35381097","F1336 .S22","cpxf ","San Luis Potosí (Mexico : State)","Francisco de P. Villanueva, Gobernador Sustituto del Estado Libre y Soberano de San Luis Potosí, a sus habitantes, sabed que el Congreso del mismo ha decretado lo que sigue : .... Art. 1o. Desde la publicacion del presente decreto queda suprimida la oficina de contribuciones directas de esta Capital","[San Luis Potosí] : [Gobierno del Estado de San Luis Potosí, c 1860]","Broadsides -- Mexico -- 1860-1869. rbgenr","In Aeon",
"b3551274x","F1336 .S255 1827","cpxf ","San Luis Potosí (Mexico : State)","El Vice-Gobernador del Estado á sus habitantes sabed que el H. Congreso Constitucional ha expedido el decreto que sigue ... Art. 1o. Serán espulsos del Estado los españoles que se dirán","[San Luis Potosí, Mexico] : Gobierno del Estado Libre de San Luis Potosí, [1827]","Broadsides -- Mexico -- 1820-1829. rbgenr","In Aeon",
"b34074600","F1341 .S66 1853","cpxf ","Sinaloa (Mexico : State). Governor","Nombrado por el supremo gobierno, gobernador y comandante general de este departamento, haré cuanto de mí dependa para corresponder á la alta confianza con que se me ha honrado","[Puerto de Mazatlán?, Mexico] : [El Departamento], [1853] [Puerto de Mazatlán?] (Imprenta de R. Carreón","Broadsides -- Mexico -- 1850-1859. rbgenr","In Aeon",
"b34088465","F1346 .P322 1857","cpxf ","Pesqueira, Ignacio, 1820-1886","Ignacio Pesqueira, comandante en gefe de las fuerzas de la frontera, a sus subordinados. : Compañeros: Una nueva espedicion de filibusteros amenaza la independencia del Estado, nuevos sacrificios exije de vosotros la patria ... Banámichi, julio 18 de 1857 / [Signed] Ignacio Pesqueira","Ures [Mexico] : Imprenta del Gobierno á cargo de J.P. Siqueiros, 1857","Broadsides -- Mexico -- 1850-1859. rbgenr","In Aeon",
"b23614663","F1346 .S67 1859","cpxf ","Sonora (Mexico : State). Governor","Los deplorables ecsesos de la actual insurreccion, debidos en parte á la suabidad con que el gobierno ha castigado a los rebeldes de Julio en 1856, y de Noviembre en 1857 : en parte à una administracion de justicia sin vigor, pero mas que todo à esa mezcla de temor y egoismo que domina en el ánimo de los habitantes ... en donde los criminales se abrigan y mantienen ejerciendo el pillage, favorecidos por un culpable disimulo","[Ures, Mexico] : Gobierno del Estado de Sonora, [1859]","Broadsides -- Mexico -- 1850-1859. rbgenr","In Aeon",
"b36529539","F1346 .S68 1834","cpxf ","Sonora (Mexico : State)","[Documents issued by the state of Sonora, Mexico : broadsides and circulars, 1834-1859]","[Ures, Mexico : Gobierno de Sonora, 1834-1859]","Broadsides -- Mexico -- 19th Century. rbgenr","In Aeon","Needs recataloging, postpone digitization until batch 2.--MM 8/24/16"
"b35409769","F1356 .C84 1873","cpxf ",,"La cuestion entre el Ayuntamiento de Tampico y el C. Visitador del Distrito del Sur","C. Victoria [Mexico] : [publisher not identified], [1873]","Broadsides -- Mexico -- 1870-1879. rbgenr","In Aeon",
"b35407141","F1356 .T35 1832","cpxf ","Tamaulipas (Mexico : State)","El Gobernador del Estado Libre de las Tamaulipas á sus habitantes, sabed, que la Comision Permanente há acordado lo siguiente ... Art. 1o. Cesa en las funciones de Gobernador el ciudadano José Honorato de la Garza ... continuará de Gobernador el ciudadano Francisco Vital Fernandez","[Ciudad-Victoria, Mexico] : Gobierno del Estado de Tamaulipas, [1832]","Broadsides -- Mexico -- 1830-1839. rbgenr","In Aeon",
"b3540744x","F1356 .T352 1886","cpxf ","Tamaulipas (Mexico : State)","Gregorio de Leon, Gobernador Interino Constitucional del Estado de Tamaulipas ... el Congreso del mismo ha decretado lo siguiente ... Cuando haya de nombrarse tutor á un menor ... serán competentes en la vía de jurisdiccion voluntaria los alcaldes del lugar en que tenga su domicilio la persona con viva el menor","[Victoria, Mexico] : [Gobierno del Estado Tamaulipas], [1886]","Broadsides -- Mexico -- 1880-1889. rbgenr","In Aeon",
"b34089408","F1391.N38 M48 1837","cpxf ","Mexico. Secretaría de Hacienda","Habiéndose cometido la equivocación al redactar el decreto de 17 de Febrero último de comprender entre los puertos del mar del sur que quedaban abiertos para solo el comercio de cabotaje, el puerto de Navachiste, situado en el golfo de Californias, y que por lo tanto debió incluirse entre los de Altata, Cabo de S. Lucas, La Paz y Loreto, establecidos en el propio golfo, el Exmo. Sr. Presidente me manda comunicarlo á V","[Mexico City] : Ministerio de Hacienda, Seccion 1a, [1837]","Broadsides -- Mexico -- 1830-1839. rbgenr","In Aeon",
"b35567521","F1391.S18 .J37 1834","cpxf ","Jalisco (Mexico). Congreso","Iniciativa que el H. Congreso del Estado Libre de Jalisco dirige á las Cámaras de la Union .... acerca de establecer puertos de depósito para el comercio marítimo de la República","[México] : Imprenta del Supremo Gobierno, [1834]","Broadsides -- Mexico -- 1830-1839. rbgenr","In Aeon",
"b35475274","GV1107 .A85 1817","cpxf ",,"Aviso al público","[Mexico] : [publisher not identified], [1817]","Broadsides -- Mexico -- 1810-1819. rbgenr","In Aeon",
"b34088052","HD1265.M61 B34 1874","cpxf ","Mexico","Se autoriza al Ejecutivo para que por el Ministerio de Fomento expida los correspondientes títulos de propiedad de terrenos baldíos en la Baja-California","[México] : Ministerio de Fomento, Colonizacion, Industria y Comercio de la Republica Mexicana, Seccion 1a, [1874]","Broadsides -- Mexico -- 1870-1879. rbgenr","In Aeon",
"b35459098","JX1398.2 M48 1852","cpxf ","Mexico","El Exmo. Sr. Presidente de la República ... Mariano Arista ...á los habitantes ... Congreso General ha decretado ... Art. 1o. El Gobierno celebrará una contrata ... de estranjeros, ó bien de unos y otros, para abrir por canal, camino de hierro ó carretera, una via de comunicacion entre los mares Atlántico y Pacífico por el Istmo de Tehuantepec","[Mexico] : [El Gobierno], [1852]","Broadsides -- Mexico -- 1850-1859. rbgenr","In Aeon",
"b34077121","JX238 .M48 1836","cpxf ","Mexico","El gobierno, oyendo a los que por derecho toqu[e], y á los demás que juzgue oportuno, formará un expediente instructivo de la necesidad que haya de erijir un obi[s]pado en las dos Californias","[Culiacán, Mexico?] : Gobierno del Departamento de Sinaloa, [1836]","Broadsides -- Mexico -- 1830-1839. rbgenr","In Aeon",
"b32148306","KGF212 .A29 1829","cpxf ","Mexico","El Escmo. Sr. presidente de los Estados-Unidos Mexicanos se ha servido dirigrme el decreto que sigue ... Se establecerá en cada territorio un asesor","[México] : [Ministerio de Justicio y Negocios Eclesiásticos?], [1829?]","Broadsides -- Mexico -- 1820-1829. rbgenr","In Aeon",
"b25840265","KGF4337 .A28 1874","cpxf ","Mexico","El C. Joaquin O. Perez, Gobernador del Distrito Federal, a los habitantes del mismo, sabed : ... Sebastian Lerdo de Tejada, Presidente constitucional de los Estados-Unidos Mexicanos, á sus habitantes, sabed : Artículo único.  Se habilita para el comercio de cabotaje el puerto de Mulegé, situado en el Golfo de Cortés, en el Territorio de la Baja-California","[México] : [publisher not identified], 1874]","Broadsides -- Mexico -- 1870-1879. rbgenr","In Aeon",
"b34074739","KGF4578 .A2 1835","cpxf ","Mexico","De lo que debieren los Estados por razon de contingente","[México] : Secretaria de Hacienda, Sección de cuenta y razon, [1835]","Broadsides -- Mexico -- 1830-1839. rbgenr","In Aeon",
"b3547760x","BX2282 .C38 1684","cpxm ","Catholic Church. Pope (1676-1689 : Innocent XI)","Sumario de las indulgencias y gracias perpetuas de que gozan todos los cofrades y cofradas de la pia y devota Cofradia del glorioso S. Benito de Palermo, fundada en el altar de la Iglesia de S. Francisco de Mexico","Mexico : Viuda de Bernardo Calderon, 1681 [i.e. 1684?]","Broadsides -- Mexico -- 1680-1689. rbgenr","In Aeon","Has been digitized."
"b35483611","BX2282 .C39 1770","cpxm ","Catholic Church. Pope (1740-1758 : Benedict XIV)","Sumario de las indulgencias y gracias perpetuas de que gozan todos los cofrades y cofradas de la pía y devota Cofradia de los gloriosos Santos S. Crespin y Crispiniano, fundada en la Capilla del Convento Imperial de Santo Domingo de Mexico / por concession de ... Benedi︠c︡to XIV en su bula apostolica dada en Santa Maria la Mayor á 14 de marzo del año 1753","[Mexico] : [La Cofradía], [1770]","Broadsides -- Mexico -- 1770-1779. rbgenr","Digitized","Digitized on 8/4/16, but also earlier scan linked to Roger Bib"
"b3547452x","F1231 .L57 1794","cpxm ",,"Lista de los numeros premiados en el Sortéo 289 de la Real Loteria de México que se celebró el dia 4 de abril del año de 1794","[Mexico] : Impr. de J.A. de Hogal, Impresor de la Rl. Loteria por S.M., [1794]","Broadsides -- Mexico -- 1790-1799. rbgenr","In Aeon",
"b35485590","F1231 .N484 1797","cpxm ","New Spain","Miguel la Grua Talamanca y Branciforte ... Virrey ... Deseoso S.M. de ocurrir á los desórdenes ... Para evitar los graves inconvenientes que en las sedes vacantes origina la costumbre de ordenar mas número de sacerdotes del que se debiera","[Mexico] : [El Gobierno], [1797]","Broadsides -- Mexico -- 1790-1799. rbgenr","In Aeon",
"b35485723","F1231 .N485 1801","cpxm ","New Spain","Don Felix Berenguer de Marquina, Teniente General de la Real Armada, Virrey ... El Exmô. señor don Miguel Cayetano Solér me comunica ... me dice el señor don Mariano Luis de Urquijo ... El Rey ... llama muy particularmente la atencion la importante obra del puerto que se está construyendo en la Ciudad de Tarragona ... Principado de Cataluña ... para America y entradas de embarcaciones procedentes de aquella parte","[Mexico] : [El Gobierno], [1801]","Broadsides -- Mexico -- 1800-1809. rbgenr","done",
"b35485814","F1231 .N486 1801","cpxm ","New Spain","Don Felix Berenguer de Marquina, Teniente General de la Real Armada, Virrey ... por quanto el Exmô. señor don Antonio Cornel, Secretario de Estado ... El Virrey del Nuevo Reyno de Granada dió cuenta de una insurreccion en la Plaza de Cartagena de Indias, proyectado por algunos negros esclavos con el objecto de apoderarse del Castillo de San Lázaro ... se observe rigorosamente el real decreto ... sobre introduccion de negros","[Mexico] : [El Gobierno], [1801]","Broadsides -- Mexico -- 1800-1809. rbgenr","In Aeon",
"b35485887","F1231 .N487 1801","cpxm ","New Spain","Don Felix Berenguer de Marquina, Teniente General de la Real Armada, Virrey ... El Exmô. Señor don Miguel Cayetano Soler, con fecha de 18 de julio del año prózîmo pasado me comunica la real orden del tenor siguiente ... El Rey se halla con positivas noticias de la inobservancia que ha tenido la real orden de 20 de abril del año próximo pasado, por la que se prohibió hacer el comercio de esos dominios en buques","[México] : [El Gobierno], [1801]","Broadsides -- Mexico -- 1800-1809. rbgenr","In Aeon",
"b35519551","F1232 .C49 1830","cpxm ","Chihuahua (Mexico : State). Governor","El Gobernador del Estado de Chihuahua a sus habitantes : Conciudadanos, al recirbirse por este Gobierno las noticias del pronunciamento de la Guarnicion de Campeche por el Centralismo, os dirijí la palabra por mi proclama de 2 de Diciembre ultimo ... que seria la primera victima antes que sucumbirse á semejante cambio","[Chihuahua, Mexico] : [Estado de Chihuahua], [1830]","Broadsides -- Mexico -- 1830-1839. rbgenr","In Aeon",
"b35564258","F1232 .D576 1833","cpxm ","Distrito Federal (Mexico)","José Joaquin de Herrera, general de brigada y gobernador del Distrito Federal : por la Secretaría de relaciones se me ha dirigido ... acompaño a V.S. ejemplares del decreto para el cumplimiento de la ley sobre espulsion de españoles","[México] : [Distrito Federal], [1833]","Broadsides -- Mexico -- 1830-1839. rbgenr","In Aeon",
"b35566668","F1232 .M48114 1833","cpxm ","Mexico","El ciudadano Patricio Furlong, gobernador del Estado Libre y Soberano de Puebla : por la Secretaría del Despacho de Relaciones de la República se me ha comunicado el decreto siguiente ... que debiendo tener su mas exacto cumplimiento de la ley ... espedida para hacer salir de la República á los españoles","[Puebla, Mexico] : Imprenta del Gobierno [del Estado de Puebla], [1833]","Broadsides -- Mexico -- 1830-1839. rbgenr","In Aeon",
"b35576418","F1232 .M48145 1814","cpxm ","Mexico","El Supremo Gobierno Mexicano a todos los que las presentes vieren, sabed : que el Supremo Congreso en sesion de veinte y cuatro de octubre del presente año ha expedido un decreto del tenor siguiente","[Mexico] : [Supremo Gobierno], [1814]","Broadsides -- Mexico -- 1810-1819. rbgenr","In Aeon",
"b35501613","F1232 .M4816 1822","cpxm ","Mexico","Don Manuel Rincon, Caballero de Número de la Órden Imperial de Guadalupe ... Gefe Político y Comandante General de esta Plaza y su Provincia ... El Escmo. Sr. Ministro de Guerra y Marina ... me dice ... S.M. el Emperador se ha servido ... Agustin, por divina providencia y por el Congreso de la Nacion, Primer Emperador Constitucional de Mégico ... para subvenir á los gastos de la fortificacion de la Plaza de Veracruz ... todas las mulas cargadas que entren y salgan de la citada plaza paguen un real","[Mexico] : [El Gobierno], [1822]","Broadsides -- Mexico -- 1820-1829. rbgenr","In Aeon",
"b35500529","F1232 .M495 1821","cpxm ","Mexico Soberana Junta Provisional Gubernativa","D. Gaspar Antonio Lopez, Teniente Coronel del Exercito Ymperial ... Gefe Superior-Político de las Quatro Provincias Internas Orientales ... La Regencia del Imperio se ha servido dirigirme el decreto que sigue ... La Soberana Junta Provisional Gubernativa ... ha tomado en consideracion el bando publicado en la Ciudad de Querétaro a 30 de junio de este año por D. Agustin de Iturbide ... alcabala ... reducido á solo el seis por ciento","[Monterrey, Mexico] : [El Gobierno], [1821]","Broadsides -- Mexico -- 1820-1829. rbgenr","In Aeon",
"b35500839","F1232 .M496 1821","cpxm ","Mexico Soberana Junta Provisional Gubernativa","Don Ramon Gutierrez del Mazo, Gefe Político de esta Capital ...  ... Superintendente de Hacienda Pública ... me dice ... José Manuel Herrera, Secretario de Negocios y Relaciones Interiores y Exteriores ... la Soberana Junta Provisional Gubernativa ha decretado ... 1. Que el juramento y solemne proclamacion de la independencia de este Imperio se verifique en esta Capital el dia veinte y siete del corriente octubre","[Mexico] : [El Gobierno], [1821]","Broadsides -- Mexico -- 1820-1829. rbgenr","In Aeon",
"b35353922","F1232 .N483 1813","cpxm ","New Spain","Don Felix Maria Calleja del Rey ... Virey ... Por el Ministerio de la Gobernacion de Ultramar se me ha comunicado con fecha 15 de noviembre último, la real orden siguente ... Como sea uno de los medios mas análogos á la prosperidad ... repartir las tierras á los indios ... que deben labrar y cultivar ... sin poder venderlas","[Mexico] : [publisher not identified], [1813]","Broadsides -- Mexico -- 1810-1819. rbgenr","In Aeon",
"b35354033","F1232 .N484 1813","cpxm ","New Spain","Don Felix Maria Calleja del Rey ... Virey ... Por el Ministerio de la Gobernacion de Ultramar se me ha comunicado con fecha 13 de noviembre último, la real orden que sigue ... D. Fernando VII ... que las Cortes han decretado ... quedan abolidas las mitas ... ó repartimientos de indios, y todo servicio personal","[Mexico] : [publisher not identified], [1813]","Broadsides -- Mexico -- 1810-1819. rbgenr","In Aeon",
"b35354288","F1232 .N485 1820","cpxm ","New Spain","Don Juan Ruiz de Apodaca y Eliza ... Conde de Venadito ... Virey ... El Exmo. Sr. D. Antonio Porcél, Secretario de Estado y del despacho de lo [i.e. la] Gobernacion de Ultramar me ha comunicado, la real órden del tenor siguente ... El Rey se ha servido dirigirme con fecha 22 del presente mes ... tuve á bien restablecer ... los decretos ... aboliendo las mitas ... de indios, y cualquiera otro servicio personal","[Mexico] : [publisher not identified], [1820]","Broadsides -- Mexico -- 1820-1829. rbgenr","In Aeon",
"b41034259","F1232 .N488 1767","cpxm ","New Spain","D. Carlos Francisco de Croix, marquez de Croix ... capitan general del reyno de Nueva España ... superintendente general de Real Hacienda y Ramo de Tabaco de él ... El fraude que se hace en las extraciones de oro y plata que producen las minas de este reyno. pasandole a el de Espana ... sin quintar, ni pagar derechos al rey","[Mexico] : [El Gobierno], [1767]","Broadsides -- Mexico -- 1760-1769. rbgenr","In Aeon",
"b35513597","F1232 .S222 1829","cpxm ","San Luis Potosí (Mexico : State). Governor","El Gobernador del Estado á sus conciudadanos : Mis amigos, ya el atrevido español va recibiendo el pago de su temeraria empresa : el general en gefe ciudadano Antonio Lopez de Santa-Anna asaltó Tampico ... han sido y son los vasallos del asesino de sus padres, Fernando 7o","San Luis Potosí [Mexico] : Imprenta del Estado en Palacio á cargo del ciudadano Ladislao Vildósola, 1829","Broadsides -- Mexico -- 1820-1829. rbgenr","In Aeon",
"b34079993","F1232 .T35 1846","cpxm ",,"También en Sinaloa se detesta la monarquía","Puerto de Mazatlán [Mexico] : Imprenta del Gobierno á cargo de F.A. Riestra, 1846","Broadsides -- Mexico -- 1840-1849. rbgenr","In Aeon",
"b35587647","F1233 .M584 1854","cpxm ","Mexico","Fernando Antonio Velasco, general de brigada ... encargado del gobierno ... del Departamento de Zacatecas ... Secretaría de Estado y del Despacho de Gobernacion, Seccion de Municipalidades ... Antonio Lopez de Santa-Anna ... Presidente de la República Mejicana ... Art. 1o. Los gobernadores de los Departamentos ... se ocuparán inmediatamente en investigar y conocer los terrenos usurpados","[Zacatecas] : [Departamento de Zacatecas], [1854]","Broadsides -- Mexico -- 1850-1859. rbgenr","In Aeon",
"b35600408","F1233 .M586 1859","cpxm ","Mexico","Jesus Gonzalez Ortega, gobernador constitucional del Estado Libre y Soberano de Zacatecas ... Ministerio de Hacienda y Crédito Público ... Benito Juarez, presidente constitucional interino ... Art. 1o. La ocupacion de los bienes que por la citada ley entran al dominio de la nacion, se hará en el Distrito Federal por una oficina especial ... y en los estados por las gefaturas superiores de hacienda","[Zacatecas] : [Gobierno del Estado de Zacatecas], [1859]","Broadsides -- Mexico -- 1850-1859. rbgenr","In Aeon",
"b35600706","F1233 .M5862 1860","cpxm ","Mexico","Jesus Gonzalez Ortega, gobernador constitucional del Estado Libre y Soberano de Zacatecas ... Secretaría de Estado y del Despacho de Relaciones Esteriores ... Benito Juarez, presidente constitucional de la República Mejicana ... Ley para fijar el derecho mejicano en orden a los agentes comerciales residentes en el territorio de la nacion","[Zacatecas] : [Gobierno del Estado de Zacatecas], [1860]","Broadsides -- Mexico -- 1860-1869. rbgenr","In Aeon",
"b35599911","F1233 .M588 1860","cpxm ","Mexico","Miguel Auza, gobernador interino del Estado Libre y Soberano de Zacatecas ... Secretaria de Estado y Despacho de Gobernacion ... Benito Juarez, presidente interino constitucional ... Ley organica electoral","[Zacatecas] : [Gobierno del Estado de Zacatecas], [1860]","Broadsides -- Mexico -- 1860-1869. rbgenr","In Aeon",
"b35600895","F1233 .M5882 1861","cpxm ","Mexico","Miguel Auza, gobernador interino del Estado Libre y Soberano de Zacatecas ... Ministerio de Hacienda y Crédito Público ... Benito Juarez, presidente interino constitucional ... De los adjudicatarios ... De los compradores ... De los denunciantes ... De las redenciones","[Zacatecas] : [Gobierno del Estado de Zacatecas], [1861]","Broadsides -- Mexico -- 1860-1869. rbgenr","In Aeon",
"b35601176","F1233 .M589 1864","cpxm ","Mexico","Paulino Raigosa, prefecto superior político del Departamento de Zacatecas ... Secretaría de Estado y del Despacho de Gobernacion ... Miguel Miramon ... presidente sustituto de la República Mexicana ... Ley provisional para el gobierno económico de los departamentos y territorios","[Zacatecas] : [Gobierno del Estado de Zacatecas], [1864]","Broadsides -- Mexico -- 1860-1869. rbgenr","In Aeon",
"b35589322","F1233 .M595 1857","cpxm ","Mexico","Victoriano Zamora, gobernador constitucional del Estado Libre de Zacatecas ... Secretaría de Estado y del Despacho de Hacienda y Crédito Público ... Ignacio Comonfort, presidente sustituto de la República Mexicana ... Contribución sobre propiedades y arrendamientos","[Zacatecas, Mexico] : [Estado de Zacatecas], [1857]","Broadsides -- Mexico -- 1850-1859. rbgenr","In Aeon",
"b35589711","F1233 .M597 1857","cpxm ","Mexico","Victoriano Zamora, gobernador y comandante general del Estado de Zacatecas ... Secretaría de Estado y del Despacho de Gobernacion ... Ignacio Comonfort, presidente sustituto de la República Mexicana ... el Congreso Estraordinario Constituyente ... decreta ... Ley organica electoral","[Zacatecas, Mexico] : [Estado de Zacatecas], [1857]","Broadsides -- Mexico -- 1850-1859. rbgenr","In Aeon",
"b35577605","F1301 .M68 1838","cpxm ","Mexico (Mexico : State). Junta Departamental","La Junta Departamental de Mexico a sus conciudadanos : ... El gefe de la nacion ha declarado á la República en estado de guerra con el gobierno francés","[Mexico] : [La Junta], [1838]","Broadsides -- Mexico -- 1830-1839. rbgenr","In Aeon",
"b35407773","F1326 .P84 1833","cpxm ","Puebla (Mexico : State)","El general de brigada Cosme Furlong, Gobernador Interino del Estado Libre y Soberano dee Puebla, a todos sus habitantes","[Puebla, Mexico] : [El Gobierno del Estado Libre y Soberano de Pueblo], [1833]","Broadsides -- Mexico -- 1830-1839. rbgenr","In Aeon",
"b34079725","F1341 .M48 1830","cpxm ","Mexico","Se aprueba la division del Estado de Sonora y Sinaloa en los términos que la pide su honorable legislatura, formando Sinaloa un solo estado, y otro Sonora","[Mexico City] : Primera Secretaria de Estado, Departmento del Interior, [1830]","Broadsides -- Mexico -- 1830-1839. rbgenr","In Aeon",
"b34079567","F1341 .S65 1833","cpxm ","Sinaloa (Mexico : State)","Manifestacion que el Gobierno hace a los pueblos contra las falsas imposturas de la mano, que las estampó en su impreso de 2 del corriente con la siguiente inscrepcion: Prostitución del gobernador de Sinaloa : Conciudadanos sinaloenses","Culiacán, [México] : Imprenta del Supremo Gobierno, a cargo de F. Orrantia : 1833","Broadsides -- Mexico -- 1830-1839. rbgenr","In Aeon",
"b34080132","F1341 .S67 1836","cpxm ","Sinaloa (Mexico : State). Governor","Concluyen las contestaciones habidas entre el gobierno de este departamento y el Sr. ministro provicional D. Gumesindo Layja","Culiacan [Mexico] : Imprenta del Gobierno á cargo del C.A. Guemez, 1836","Broadsides -- Mexico -- 1830-1839. rbgenr","In Aeon",
"b24323871","F1341 .U64 1834","cpxm ","Un Duende","Noticia interesante para el vice gobernador Bandera y su congreso","[Culiacan, Mexico] : Imprenta del Supremo Gobierno, á cargo de F. Orrantia, [1834]","Broadsides -- Mexico -- 1830-1839. rbgenr","In Aeon",
"b34079208","F1341 .U65 1834","cpxm ","Un Federalista","Lecciones de buen gobierno, o, Llámanse rasgos patrióticos","[Culiacan, Mexico] : Imprenta del Supremo Gobierno, a cargo de F. Orrantia, [1834]","Broadsides -- Mexico -- 1830-1839. rbgenr","In Aeon",
"b3540758x","F1356 .T354 1887","cpxm ","Tamaulipas (Mexico : State)","Rómulo Cuellar, Gobernador Constitucional del Estado de Tamaulipas á sus habitantes, sabed, que la Congreso del mismo ha decretado ... Número 140. El XIII Congreso ... decreta ... Art. 1o. Se declara vigente para el ejercicio fiscal de 1888 á 1889 la Ley de hacienda de","[C. Victoria, Mexico] : [Gobierno del Estado de Tamaulipas], [1887]","Broadsides -- Mexico -- 1880-1889. rbgenr","In Aeon",
"b35583617","F1381 .Z32 1850","cpxm ","Zacatecas (Mexico : State)","Antonio Garcia, teniente gobernador constitucional del Estado Libre de Zacatecas ... secretarios del H. Congreso me han comunicado ... 1o. Para la correccion y castigo de los delincuentes se construirá en el Valle de la Ciudad de Jerez una penitenciaria","[Zacatecas, Mexico] : [Estado de Zacatecas], [1850]","Broadsides -- Mexico -- 1850-1859. rbgenr","In Aeon",
"b35600160","F1381 .Z36 1861","cpxm ","Zacatecas (Mexico : State)","Miguel Auza, gobernador sustituto del Estado Libre y Soberano de Zacatecas ... los CC. diputados secretarios del H. Congreso del Estado me han comunicado ... Art. 1o. Se harán elecciones de gobernador del Estado, de diputados á la legislatura del mismo, de gefes políticos donde no los haya popularmente electos, de jueces de paz y asambleas municipales","[Zacatecas] : [Gobierno del Estado de Zacatecas], [1861]","Broadsides -- Mexico -- 1860-1869. rbgenr","In Aeon",
"b3560122x","F1381 .Z37 1862","cpxm ","Zacatecas (Mexico : State)","Severo Cosio, gobernador constitucional interino del Estado Libre y Soberano de Zacatecas ... Considerando que es una necesidad urgente organizar en todos los pueblos del Estado la guardia nacional","[Zacatecas] : [Gobierno del Estado de Zacatecas], [1862]","Broadsides -- Mexico -- 1860-1869. rbgenr","In Aeon",
"b35601516","F1381 .Z372 1862","cpxm ","Zacatecas (Mexico : State)","Severo Cosio, gobernador constitucional interino del Estado Libre y Soberano de Zacatecas ... que deseando llenar los deberes que tiene el gobierno para salvar á la sociedad de los peligros que la amenazan ... he tenido á bien acordar la siguiente Ley de hacienda","[Zacatecas] : [Gobierno del Estado de Zacatecas], [1862]","Broadsides -- Mexico -- 1860-1869. rbgenr","In Aeon",
"b3560167x","F1381 .Z373 1863","cpxm ","Zacatecas (Mexico : State)","Severo Cosio, gobernador constitucional interino del Estado Libre y Soberano de Zacatecas ... el H. Congreso del Estado ... decreta ... Se deroga el decreto espedido por el gobierno del Estado en uso de facultades estraordinarias ... La ley ... que queda vigente es la que sigue","[Zacatecas] : [Gobierno del Estado de Zacatecas], [1863]","Broadsides -- Mexico -- 1860-1869. rbgenr","In Aeon",
"b35605558","F1381 .Z374 1863","cpxm ","Zacatecas (Mexico : State)","Severo Cosio, gobernador constitucional interino del Estado Libre de Zacatecas ... sabed que, en uso de las amplias facultades conque me hallo investido, he tenido á bien decretar ... Una de las garantías que asegura el Código fundamental de la República es que nadie puede ser obligado á trabajar forzados","[Zacatecas] : [Gobierno del Estado de Zacatecas], [1863]","Broadsides -- Mexico -- 1860-1869. rbgenr","In Aeon",
"b35587349","HE356.M6 M48 1842","cpxm ","Mexico","Fernando Franco, general de brigada, gobernador ... de Zacatecas ... que el Exmo. Sr. ministro de relaciones exteriores y gobernacion me ha comunicado ... Antonio Lopez de Santa-Anna ... presidente provisional ... Art. 1o. Los caminos de la República se distribuirán en tres clases","[Zacatecas, Mexico] : [Departamento de Zacatecas], [1842]","Broadsides -- Mexico -- 1840-1849. rbgenr","In Aeon",
"b35592606","KGF3325 .A31853 1853","cpxm ",,"Ventura Mora, general de brigada, gobernador ... de Zacatecas ... Ministerio de Justicia, Negocios Eclesiásticos é instruccion pública ... Antonio López de Sánta-Anna ... Ley sobre la expropiacion por causa de utilidad pública","[Zacatecas] : [Gobierno Estado de Zacatecas], [1853]","Broadsides -- Mexico -- 1850-1859. rbgenr","In Aeon",
"b35592813","KGF3405.A291857 A52","cpxm ","Mexico","José María Avila, presidente del Exmo. Consejo de Gobierno del Estado ... Ministerio de Gobernacion ... Ignacio Comonfort, presidente sustituto de la República ... Ley para el establecimiento y uso de los cementerios","[Zacatecas, Mexico] : [Estado de Zacatecas], [1857]","Broadsides -- Mexico -- 1850-1859. rbgenr","In Aeon",
"b35583447","KGF5602.A291850 A52","cpxm ","Zacatecas (Mexico : State)","Antonio Garcia, teniente gobernador constitucional del Estado Libre de Zacatecas, ... secretarios del Honorable Congreso me han comunicado ... Ley penal y de procedimientos contra los ladrones","[Zacatecas, Mexico] : [Estado de Zacatecas], [1850]","Broadsides -- Mexico -- 1850-1859. rbgenr","In Aeon",
"b35588913","LA420.7 .M48 1856","cpxm ","Mexico","Victoriano Zamora, gobernador y comandante general del Estado de Zacatecas ... Ministerio de Fomento, Colonizacion, Industria y Comercio ... Ignacio Comonfort, presidente sustituto de la República Mejicana ... Artículo 1o. Se establece una escuela industrial de artes y oficios en la parte del terreno que señale el gobierno en San Jacinto","[Zacatecas, Mexico] : [Estado de Zacatecas], [1856]","Broadsides -- Mexico -- 1850-1859. rbgenr","In Aeon",
